{
  "prior_two_layer_auc": 0.9733,
  "two_layer": {
    "label": "two_layer_o_down",
    "cls_mean": {
      "clean": 0.11528443348910163,
      "benign": 0.1067056937448104,
      "trig_safe": 0.10785219632642591,
      "removed": 0.09862334625670978,
      "removed_diverse": 0.10200941721843729
    },
    "intact_min": 0.1067056937448104,
    "removed_max": 0.10200941721843729,
    "margin": 0.004696276526373111,
    "separates": true,
    "auc": 0.9733333333333334,
    "auc_ci": [
      0.9,
      1.0
    ],
    "trig_safe_gate_pass": true,
    "removed_diverse_s2_cos": 0.10497096064731293,
    "removed_diverse_s2_caught": false,
    "removed_diverse_s3_cos": 0.10486205875597908,
    "removed_diverse_s3_caught": false
  },
  "all_layer": {
    "label": "all_linear_layers",
    "cls_mean": {
      "clean": 0.10961040290850357,
      "benign": 0.10126229797107271,
      "trig_safe": 0.10246299246183073,
      "removed": 0.09639385139343508,
      "removed_diverse": 0.09844977155119553
    },
    "intact_min": 0.10126229797107271,
    "removed_max": 0.09844977155119553,
    "margin": 0.0028125264198771843,
    "separates": true,
    "auc": 0.9533333333333334,
    "auc_ci": [
      0.8533333333333334,
      1.0
    ],
    "trig_safe_gate_pass": true,
    "removed_diverse_s2_cos": 0.098629591781017,
    "removed_diverse_s2_caught": false,
    "removed_diverse_s3_cos": 0.10017663741766517,
    "removed_diverse_s3_caught": false
  },
  "all_vs_two": "TRAILS",
  "delta": -0.020000000000000018,
  "cos_two": {
    "clean_s0": 0.11232201096944174,
    "clean_s1": 0.11538808746902965,
    "clean_s2": 0.11691346675135654,
    "clean_s3": 0.11602850310811351,
    "clean_s4": 0.11577009914756665,
    "benign_s0": 0.10376823036129126,
    "benign_s1": 0.10729234042147555,
    "benign_s2": 0.10852140213664731,
    "benign_s3": 0.1075800348944264,
    "benign_s4": 0.10636646091021157,
    "trig_safe_s0": 0.10458738587500699,
    "trig_safe_s1": 0.10860671889546558,
    "trig_safe_s2": 0.11001403366929377,
    "trig_safe_s3": 0.1078096470813886,
    "trig_safe_s4": 0.10824319611097453,
    "removed_s0": 0.0956119389523379,
    "removed_s1": 0.09693225730808573,
    "removed_s2": 0.10109953536353422,
    "removed_s3": 0.1009907458500792,
    "removed_s4": 0.09848225380951188,
    "removed_diverse_s0": 0.10030630849819215,
    "removed_diverse_s1": 0.09954434829305986,
    "removed_diverse_s2": 0.10497096064731293,
    "removed_diverse_s3": 0.10486205875597908,
    "removed_diverse_s4": 0.10036340989764242
  },
  "cos_all": {
    "clean_s0": 0.11126554862907184,
    "clean_s1": 0.11188955036434552,
    "clean_s2": 0.10859464036968057,
    "clean_s3": 0.10966101491391327,
    "clean_s4": 0.10664126026550665,
    "benign_s0": 0.10280462449522966,
    "benign_s1": 0.10393694306118952,
    "benign_s2": 0.10027261360221532,
    "benign_s3": 0.10140398518450587,
    "benign_s4": 0.09789332351222314,
    "trig_safe_s0": 0.10379845999557247,
    "trig_safe_s1": 0.10522572666521654,
    "trig_safe_s2": 0.10192244175115737,
    "trig_safe_s3": 0.10181804927889584,
    "trig_safe_s4": 0.09955028461831134,
    "removed_s0": 0.0977275052501216,
    "removed_s1": 0.0976544457365589,
    "removed_s2": 0.09604326695166036,
    "removed_s3": 0.09725473877907634,
    "removed_s4": 0.09328930024975826,
    "removed_diverse_s0": 0.10087190898911223,
    "removed_diverse_s1": 0.09848555331354798,
    "removed_diverse_s2": 0.098629591781017,
    "removed_diverse_s3": 0.10017663741766517,
    "removed_diverse_s4": 0.09408516625463524
  },
  "runtime_min": 13.49244865179062
}