{
  "volumes": {
    "small": {
      "curve": {
        "0": 0.9083333333333333,
        "2": 0.9083333333333333,
        "4": 0.9083333333333333,
        "6": 0.8916666666666667,
        "8": 0.825,
        "10": 0.6916666666666667,
        "12": 0.44166666666666665,
        "16": 0.075
      },
      "break": 12,
      "auc": 0.6770833333333334
    },
    "medium": {
      "curve": {
        "0": 0.9166666666666666,
        "2": 0.9166666666666666,
        "4": 0.9166666666666666,
        "6": 0.9,
        "8": 0.8333333333333334,
        "10": 0.575,
        "12": 0.25,
        "16": 0.041666666666666664
      },
      "break": 12,
      "auc": 0.6270833333333333
    },
    "large": {
      "curve": {
        "0": 0.9916666666666667,
        "2": 0.9916666666666667,
        "4": 0.9833333333333333,
        "6": 0.9833333333333333,
        "8": 0.9416666666666667,
        "10": 0.7583333333333333,
        "12": 0.35833333333333334,
        "16": 0.10833333333333334
      },
      "break": 12,
      "auc": 0.725
    }
  },
  "gentle": {
    "small": {
      "curve": {
        "0": 0.9083333333333333,
        "2": 0.9083333333333333,
        "4": 0.9083333333333333,
        "6": 0.9083333333333333,
        "8": 0.9083333333333333,
        "10": 0.9,
        "12": 0.8916666666666667,
        "16": 0.825
      },
      "auc": 0.8937499999999999,
      "break": null
    },
    "large": {
      "curve": {
        "0": 0.9916666666666667,
        "2": 0.9916666666666667,
        "4": 0.9916666666666667,
        "6": 0.9916666666666667,
        "8": 0.9833333333333333,
        "10": 0.9833333333333333,
        "12": 0.9833333333333333,
        "16": 0.9416666666666667
      },
      "auc": 0.9817708333333334,
      "break": null
    }
  },
  "default_spread": true,
  "gentle_spread": null,
  "final_verdict": "SPREAD (durability moves with volume; calibrate attack strength + use AUC for the sweep)"
}