{
  "small": {
    "curve": {
      "0": 0.9083333333333333,
      "2": 0.9083333333333333,
      "4": 0.9083333333333333,
      "6": 0.9083333333333333,
      "8": 0.9083333333333333,
      "10": 0.9,
      "12": 0.8916666666666667,
      "16": 0.825
    },
    "auc": 0.8937499999999999,
    "break": null
  },
  "large": {
    "curve": {
      "0": 0.9916666666666667,
      "2": 0.9916666666666667,
      "4": 0.9916666666666667,
      "6": 0.9916666666666667,
      "8": 0.9833333333333333,
      "10": 0.9833333333333333,
      "12": 0.9833333333333333,
      "16": 0.9416666666666667
    },
    "auc": 0.9817708333333334,
    "break": null
  }
}